CREATE TABLE isem.random_index (
         team_size      NUMBER(2) PRIMARY KEY,
         RI      NUMBER(1,2) );

select * from random_index;
ALTER TABLE random_index
  MODIFY RI NUMBER(8,3);
desc random_index;
insert into random_index (TEAM_SIZE, RI) values (2,0);
insert into random_index (TEAM_SIZE, RI) values (3,0.58);
insert into random_index (TEAM_SIZE, RI) values (4,0.90);
insert into random_index (TEAM_SIZE, RI) values (5,1.12);
insert into random_index (TEAM_SIZE, RI) values (6,1.24);
insert into random_index (TEAM_SIZE, RI) values (7,1.32);
insert into random_index (TEAM_SIZE, RI) values (8,1.41);
insert into random_index (TEAM_SIZE, RI) values (9,1.45);
insert into random_index (TEAM_SIZE, RI) values (10,1.51);

CREATE TABLE isem.employee_roles (
         role_id      NUMBER(2) PRIMARY KEY,
         role_desc      VARCHAR2(15) NOT NULL);

select * from employee_roles;
desc employee_roles;
Alter table employee_roles
modify role_desc VARCHAR2(20);
insert into employee_roles (ROLE_ID, ROLE_DESC) values (1,'Developer');
insert into employee_roles (ROLE_ID, ROLE_DESC) values (2,'Tester');
insert into employee_roles (ROLE_ID, ROLE_DESC) values (3,'Business Analyst');
insert into employee_roles (ROLE_ID, ROLE_DESC) values (4,'Manager');
insert into employee_roles (ROLE_ID, ROLE_DESC) values (5,'Product Owner');

CREATE TABLE isem.team (
         team_id      NUMBER(2) PRIMARY KEY,
         team_desc      VARCHAR2(15) NOT NULL,
         team_priority      VARCHAR2(15) NOT NULL);

select * from team;
desc team;
update team  set team_desc = 'TEAM 1' where team_id = 1;
insert into team (TEAM_ID, TEAM_DESC, TEAM_PRIORITY) values (1,'TEAM 1', 'Extremely High');
insert into team (TEAM_ID, TEAM_DESC, TEAM_PRIORITY) values (2,'TEAM 2', 'Extremely High');
insert into team (TEAM_ID, TEAM_DESC, TEAM_PRIORITY) values (3,'TEAM 3', 'High');
insert into team (TEAM_ID, TEAM_DESC, TEAM_PRIORITY) values (4,'TEAM 4', 'Average');

ALTER TABLE team
ADD CONSTRAINT team_prority_fk
   FOREIGN KEY (TEAM_PRIORITY)
   REFERENCES TEAM_PRIORITY (PRIORITY_DESC);

CREATE TABLE isem.team_priority (
         priority_desc      VARCHAR2(15) PRIMARY KEY,
         priority_index      NUMBER(2) NOT NULL);
select * from TEAM_PRIORITY;
desc TEAM_PRIORITY;
insert into TEAM_PRIORITY (PRIORITY_DESC, PRIORITY_INDEX) values ('Extremely High', 10);
insert into TEAM_PRIORITY (PRIORITY_DESC, PRIORITY_INDEX) values ('Moderately High', 7);
insert into TEAM_PRIORITY (PRIORITY_DESC, PRIORITY_INDEX) values ('High', 5);
insert into TEAM_PRIORITY (PRIORITY_DESC, PRIORITY_INDEX) values ('Average', 3);
insert into TEAM_PRIORITY (PRIORITY_DESC, PRIORITY_INDEX) values ('Low', 1);

CREATE TABLE isem.employee (
         emp_id      NUMBER(5) PRIMARY KEY,
         emp_name      VARCHAR2(20) NOT NULL,
         role_id     NUMBER(2) NOT NULL CONSTRAINT role_desc_fk REFERENCES isem.employee_roles (ROLE_ID),
         hire_date DATE DEFAULT (sysdate),
         team_id NUMBER(2) NOT NULL CONSTRAINT team_desc_fk REFERENCES isem.team (TEAM_ID),
         manager NUMBER(5) NOT NULL,
         salary NUMBER(10) NOT NULL,
         age NUMBER(2) NOT NULL,
         experience NUMBER(2) NOT NULL);
         
select * from employee;
desc employee;
delete from employee where emp_id in (1002, 1003);

-- TEAM 1
insert into EMPLOYEE (EMP_ID, EMP_NAME, ROLE_ID, HIRE_DATE, TEAM_ID, MANAGER, SALARY, AGE, EXPERIENCE)  values (1001, 'Developer 1', 1, '01-JUN-1996', 1, 1009, 160000, 55, 23);
insert into EMPLOYEE (EMP_ID, EMP_NAME, ROLE_ID, HIRE_DATE, TEAM_ID, MANAGER, SALARY, AGE, EXPERIENCE)  values (1002, 'Developer 2', 1, '01-JUN-2012', 1, 1009, 140000, 32, 7);
insert into EMPLOYEE (EMP_ID, EMP_NAME, ROLE_ID, HIRE_DATE, TEAM_ID, MANAGER, SALARY, AGE, EXPERIENCE)  values (1003, 'Developer 3', 1, '01-JUN-2012', 1, 1009, 110000, 34, 7);
insert into EMPLOYEE (EMP_ID, EMP_NAME, ROLE_ID, HIRE_DATE, TEAM_ID, MANAGER, SALARY, AGE, EXPERIENCE)  values (1004, 'Developer 4', 1, '01-JAN-2016', 1, 1009, 110000, 29, 4);
insert into EMPLOYEE (EMP_ID, EMP_NAME, ROLE_ID, HIRE_DATE, TEAM_ID, MANAGER, SALARY, AGE, EXPERIENCE)  values (1005, 'BA 1', 3, '01-JUN-2003', 1, 1009, 140000, 54, 16);
insert into EMPLOYEE (EMP_ID, EMP_NAME, ROLE_ID, HIRE_DATE, TEAM_ID, MANAGER, SALARY, AGE, EXPERIENCE)  values (1006, 'BA 2', 3, '01-JUN-1996', 1, 1009, 140000, 48, 23);
insert into EMPLOYEE (EMP_ID, EMP_NAME, ROLE_ID, HIRE_DATE, TEAM_ID, MANAGER, SALARY, AGE, EXPERIENCE)  values (1007, 'Tester 1', 2, '01-JUN-2009', 1, 1009, 110000, 55, 10);
insert into EMPLOYEE (EMP_ID, EMP_NAME, ROLE_ID, HIRE_DATE, TEAM_ID, MANAGER, SALARY, AGE, EXPERIENCE)  values (1008, 'Tester 2', 2, '01-JAN-2018', 1, 1009, 900000, 38, 1);
insert into EMPLOYEE (EMP_ID, EMP_NAME, ROLE_ID, HIRE_DATE, TEAM_ID, MANAGER, SALARY, AGE, EXPERIENCE)  values (1009, 'Manager', 4, '01-JAN-2018', 1, 1009, 140000, 41, 1);
insert into EMPLOYEE (EMP_ID, EMP_NAME, ROLE_ID, HIRE_DATE, TEAM_ID, MANAGER, SALARY, AGE, EXPERIENCE)  values (1010, 'Product Owner', 5, '01-JUN-2006', 1, 1009, 140000, 41, 13);

-- TEAM 2
insert into EMPLOYEE (EMP_ID, EMP_NAME, ROLE_ID, HIRE_DATE, TEAM_ID, MANAGER, SALARY, AGE, EXPERIENCE)  values (2001, 'Developer 1', 1, '01-JUN-2003', 2, 2009, 160000, 45, 16);
insert into EMPLOYEE (EMP_ID, EMP_NAME, ROLE_ID, HIRE_DATE, TEAM_ID, MANAGER, SALARY, AGE, EXPERIENCE)  values (2002, 'Developer 2', 1, '01-JUN-2004', 2, 2009, 160000, 42, 15);
insert into EMPLOYEE (EMP_ID, EMP_NAME, ROLE_ID, HIRE_DATE, TEAM_ID, MANAGER, SALARY, AGE, EXPERIENCE)  values (2003, 'Developer 3', 1, '01-JUN-2003', 2, 2009, 160000, 44, 16);
insert into EMPLOYEE (EMP_ID, EMP_NAME, ROLE_ID, HIRE_DATE, TEAM_ID, MANAGER, SALARY, AGE, EXPERIENCE)  values (2004, 'Developer 4', 1, '01-JUN-2011', 2, 2009, 140000, 36, 8);
insert into EMPLOYEE (EMP_ID, EMP_NAME, ROLE_ID, HIRE_DATE, TEAM_ID, MANAGER, SALARY, AGE, EXPERIENCE)  values (2005, 'BA 1', 3, '01-JUN-1998', 2, 2009, 140000, 52, 21);
insert into EMPLOYEE (EMP_ID, EMP_NAME, ROLE_ID, HIRE_DATE, TEAM_ID, MANAGER, SALARY, AGE, EXPERIENCE)  values (2006, 'BA 2', 3, '01-JUN-1996', 2, 2009, 140000, 57, 23);
insert into EMPLOYEE (EMP_ID, EMP_NAME, ROLE_ID, HIRE_DATE, TEAM_ID, MANAGER, SALARY, AGE, EXPERIENCE)  values (2007, 'Tester 1', 2, '01-JUN-2003', 2, 2009, 160000, 42, 16);
insert into EMPLOYEE (EMP_ID, EMP_NAME, ROLE_ID, HIRE_DATE, TEAM_ID, MANAGER, SALARY, AGE, EXPERIENCE)  values (2008, 'Tester 2', 2, '01-JUN-2012', 2, 2009, 110000, 35, 7);
insert into EMPLOYEE (EMP_ID, EMP_NAME, ROLE_ID, HIRE_DATE, TEAM_ID, MANAGER, SALARY, AGE, EXPERIENCE)  values (2009, 'Manager', 4, '01-JUN-2001', 2, 2009, 160000, 45, 18);
insert into EMPLOYEE (EMP_ID, EMP_NAME, ROLE_ID, HIRE_DATE, TEAM_ID, MANAGER, SALARY, AGE, EXPERIENCE)  values (2010, 'Product Owner', 5, '01-JUN-2005', 2, 2009, 160000, 47, 14);

-- TEAM 3
insert into EMPLOYEE (EMP_ID, EMP_NAME, ROLE_ID, HIRE_DATE, TEAM_ID, MANAGER, SALARY, AGE, EXPERIENCE)  values (3001, 'Developer 1', 1, '01-JUN-2003', 3, 3009, 160000, 53, 16);
insert into EMPLOYEE (EMP_ID, EMP_NAME, ROLE_ID, HIRE_DATE, TEAM_ID, MANAGER, SALARY, AGE, EXPERIENCE)  values (3002, 'Developer 2', 1, '01-JUN-2005', 3, 3009, 140000, 51, 14);
insert into EMPLOYEE (EMP_ID, EMP_NAME, ROLE_ID, HIRE_DATE, TEAM_ID, MANAGER, SALARY, AGE, EXPERIENCE)  values (3003, 'Developer 3', 1, '01-JUN-2017', 3, 3009, 110000, 36, 3);
insert into EMPLOYEE (EMP_ID, EMP_NAME, ROLE_ID, HIRE_DATE, TEAM_ID, MANAGER, SALARY, AGE, EXPERIENCE)  values (3004, 'Developer 4', 1, '01-JUN-2018', 3, 3009, 140000, 41, 1);
insert into EMPLOYEE (EMP_ID, EMP_NAME, ROLE_ID, HIRE_DATE, TEAM_ID, MANAGER, SALARY, AGE, EXPERIENCE)  values (3005, 'BA 1', 3, '01-JUN-2001', 3, 3009, 160000, 56, 17);
insert into EMPLOYEE (EMP_ID, EMP_NAME, ROLE_ID, HIRE_DATE, TEAM_ID, MANAGER, SALARY, AGE, EXPERIENCE)  values (3006, 'BA 2', 3, '01-JUN-1998', 3, 3009, 160000, 45, 21);
insert into EMPLOYEE (EMP_ID, EMP_NAME, ROLE_ID, HIRE_DATE, TEAM_ID, MANAGER, SALARY, AGE, EXPERIENCE)  values (3007, 'Tester 1', 2, '01-JUN-2008', 3, 3009, 140000, 46, 11);
insert into EMPLOYEE (EMP_ID, EMP_NAME, ROLE_ID, HIRE_DATE, TEAM_ID, MANAGER, SALARY, AGE, EXPERIENCE)  values (3008, 'Tester 2', 2, '01-JUN-2016', 3, 3009, 110000, 34, 4);
insert into EMPLOYEE (EMP_ID, EMP_NAME, ROLE_ID, HIRE_DATE, TEAM_ID, MANAGER, SALARY, AGE, EXPERIENCE)  values (3009, 'Manager', 4, '01-JUN-1995', 3, 3009, 160000, 60, 24);
insert into EMPLOYEE (EMP_ID, EMP_NAME, ROLE_ID, HIRE_DATE, TEAM_ID, MANAGER, SALARY, AGE, EXPERIENCE)  values (3010, 'Product Owner', 5, '01-JUN-2001', 3, 3009, 160000, 52, 21);

-- TEAM 4
insert into EMPLOYEE (EMP_ID, EMP_NAME, ROLE_ID, HIRE_DATE, TEAM_ID, MANAGER, SALARY, AGE, EXPERIENCE)  values (4001, 'Developer 1', 1, '01-JUN-2003', 4, 4009, 140000, 47, 16);
insert into EMPLOYEE (EMP_ID, EMP_NAME, ROLE_ID, HIRE_DATE, TEAM_ID, MANAGER, SALARY, AGE, EXPERIENCE)  values (4002, 'Developer 2', 1, '01-JUN-2016', 4, 4009, 110000, 29, 4);
insert into EMPLOYEE (EMP_ID, EMP_NAME, ROLE_ID, HIRE_DATE, TEAM_ID, MANAGER, SALARY, AGE, EXPERIENCE)  values (4003, 'Developer 3', 1, '01-JUN-2009', 4, 4009, 140000, 36, 10);
insert into EMPLOYEE (EMP_ID, EMP_NAME, ROLE_ID, HIRE_DATE, TEAM_ID, MANAGER, SALARY, AGE, EXPERIENCE)  values (4004, 'Developer 4', 1, '01-JUN-2012', 4, 4009, 110000, 35, 7);
insert into EMPLOYEE (EMP_ID, EMP_NAME, ROLE_ID, HIRE_DATE, TEAM_ID, MANAGER, SALARY, AGE, EXPERIENCE)  values (4005, 'BA 1', 3, '01-JUN-2003', 4, 4009, 160000, 46, 16);
insert into EMPLOYEE (EMP_ID, EMP_NAME, ROLE_ID, HIRE_DATE, TEAM_ID, MANAGER, SALARY, AGE, EXPERIENCE)  values (4006, 'BA 2', 3, '01-JUN-2002', 4, 4009, 160000, 51, 17);
insert into EMPLOYEE (EMP_ID, EMP_NAME, ROLE_ID, HIRE_DATE, TEAM_ID, MANAGER, SALARY, AGE, EXPERIENCE)  values (4007, 'Tester 1', 2, '01-JUN-2010', 4, 4009, 140000, 39, 9);
insert into EMPLOYEE (EMP_ID, EMP_NAME, ROLE_ID, HIRE_DATE, TEAM_ID, MANAGER, SALARY, AGE, EXPERIENCE)  values (4008, 'Tester 2', 2, '01-JUN-2014', 4, 4009, 110000, 36, 6);
insert into EMPLOYEE (EMP_ID, EMP_NAME, ROLE_ID, HIRE_DATE, TEAM_ID, MANAGER, SALARY, AGE, EXPERIENCE)  values (4009, 'Manager', 4, '01-JUN-1995', 4, 4009, 160000, 44, 19);
insert into EMPLOYEE (EMP_ID, EMP_NAME, ROLE_ID, HIRE_DATE, TEAM_ID, MANAGER, SALARY, AGE, EXPERIENCE)  values (4010, 'Product Owner', 5, '01-JUN-2006', 4, 4009, 140000, 46, 13);

CREATE TABLE isem.criteria_matrix (
         criteria_desc      VARCHAR2(15) PRIMARY KEY,
         criteria_index      NUMBER(2) NOT NULL);

select * from CRITERIA_MATRIX;
desc CRITERIA_MATRIX;
insert into criteria_matrix (criteria_desc, criteria_index) VALUES ('Extremely High', 10);
insert into criteria_matrix (criteria_desc, criteria_index) VALUES ('Moderately High', 7);
insert into criteria_matrix (criteria_desc, criteria_index) VALUES ('High', 5);
insert into criteria_matrix (criteria_desc, criteria_index) VALUES ('Average', 3);
insert into criteria_matrix (criteria_desc, criteria_index) VALUES ('Low', 1);

CREATE TABLE isem.eval_criterion (
         criteria_type      VARCHAR2(30) PRIMARY KEY,
         criteria_score      VARCHAR2(15) NOT NULL  CONSTRAINT criteria_desc_fk REFERENCES isem.criteria_matrix (criteria_desc),
         active VARCHAR2(1) NOT NULL);

select a.criteria_type, a.criteria_score, b.criteria_index from eval_criterion a, CRITERIA_MATRIX b
where a.criteria_score = b.criteria_desc;
desc eval_criterion;

update eval_criterion
set criteria_score = 'Extremely High'
where criteria_type = 'layoff severity';

update eval_criterion
set criteria_score = 'Low'
where criteria_type = 'employee satisfaction';

update eval_criterion
set criteria_score = 'Low'
where criteria_type = 'employee evaluation';

update eval_criterion
set criteria_score = 'Low'
where criteria_type = 'dependency index';

update eval_criterion
set criteria_score = 'Low'
where criteria_type = 'team criticality index';


insert into eval_criterion (CRITERIA_TYPE, CRITERIA_SCORE, ACTIVE) VALUES ('layoff severity', 'High', 'Y');
insert into eval_criterion (CRITERIA_TYPE, CRITERIA_SCORE, ACTIVE) VALUES ('employee satisfaction', 'Average', 'Y');
insert into eval_criterion (CRITERIA_TYPE, CRITERIA_SCORE, ACTIVE) VALUES ('employee evaluation', 'Moderately High', 'Y');
insert into eval_criterion (CRITERIA_TYPE, CRITERIA_SCORE, ACTIVE) VALUES ('dependency index', 'Extremely High', 'Y');
insert into eval_criterion (CRITERIA_TYPE, CRITERIA_SCORE, ACTIVE) VALUES ('team criticality index', 'Average', 'Y');

CREATE TABLE isem.emp_evaluation (
         eval_id      NUMBER(5) PRIMARY KEY,
         emp_id     NUMBER(5) NOT NULL  CONSTRAINT emp_eval_id_fk REFERENCES isem.EMPLOYEE (emp_id),
         eval_date DATE DEFAULT (sysdate),
         supporting_apps    NUMBER(2) NOT NULL,
         tech_relevance     NUMBER(2) NOT NULL,
         org_culture        NUMBER(2) NOT NULL,
         job_satisfaction   NUMBER(2) NOT NULL,
         growth             NUMBER(2) NOT NULL,
         employee_satisfaction  NUMBER(6,2) AS ((org_culture + job_satisfaction + growth) / 3),
         employee_evaluation  NUMBER(6,2) AS ((supporting_apps + tech_relevance) / 2));
         
select * from emp_evaluation;
desc emp_evaluation;
delete from emp_evaluation where eval_id in (1001, 1002);

-- TEAM 1
insert into EMP_EVALUATION (EVAL_ID, EMP_ID, EVAL_DATE, SUPPORTING_APPS, TECH_RELEVANCE, ORG_CULTURE, JOB_SATISFACTION, GROWTH) VALUES (1001, 1001, '01-JUL-2019', 9, 8, 5, 7, 7);
insert into EMP_EVALUATION (EVAL_ID, EMP_ID, EVAL_DATE, SUPPORTING_APPS, TECH_RELEVANCE, ORG_CULTURE, JOB_SATISFACTION, GROWTH) VALUES (1002, 1002, '01-JUL-2019', 7, 8, 9, 7, 7);
insert into EMP_EVALUATION (EVAL_ID, EMP_ID, EVAL_DATE, SUPPORTING_APPS, TECH_RELEVANCE, ORG_CULTURE, JOB_SATISFACTION, GROWTH) VALUES (1003, 1003, '01-JUL-2019', 8, 7, 5, 7, 6);
insert into EMP_EVALUATION (EVAL_ID, EMP_ID, EVAL_DATE, SUPPORTING_APPS, TECH_RELEVANCE, ORG_CULTURE, JOB_SATISFACTION, GROWTH) VALUES (1004, 1004, '01-JUL-2019', 7, 8, 4, 5, 4);
insert into EMP_EVALUATION (EVAL_ID, EMP_ID, EVAL_DATE, SUPPORTING_APPS, TECH_RELEVANCE, ORG_CULTURE, JOB_SATISFACTION, GROWTH) VALUES (1005, 1005, '01-JUL-2019', 4, 1, 5, 7, 8);
insert into EMP_EVALUATION (EVAL_ID, EMP_ID, EVAL_DATE, SUPPORTING_APPS, TECH_RELEVANCE, ORG_CULTURE, JOB_SATISFACTION, GROWTH) VALUES (1006, 1006, '01-JUL-2019', 7, 5, 3, 5, 5);
insert into EMP_EVALUATION (EVAL_ID, EMP_ID, EVAL_DATE, SUPPORTING_APPS, TECH_RELEVANCE, ORG_CULTURE, JOB_SATISFACTION, GROWTH) VALUES (1007, 1007, '01-JUL-2019', 6, 5, 6, 7, 7);
insert into EMP_EVALUATION (EVAL_ID, EMP_ID, EVAL_DATE, SUPPORTING_APPS, TECH_RELEVANCE, ORG_CULTURE, JOB_SATISFACTION, GROWTH) VALUES (1008, 1008, '01-JUL-2019', 3, 4, 7, 7, 7);
insert into EMP_EVALUATION (EVAL_ID, EMP_ID, EVAL_DATE, SUPPORTING_APPS, TECH_RELEVANCE, ORG_CULTURE, JOB_SATISFACTION, GROWTH) VALUES (1009, 1009, '01-JUL-2019', 5, 3, 8, 5, 8);
insert into EMP_EVALUATION (EVAL_ID, EMP_ID, EVAL_DATE, SUPPORTING_APPS, TECH_RELEVANCE, ORG_CULTURE, JOB_SATISFACTION, GROWTH) VALUES (1010, 1010, '01-JUL-2019', 7, 5, 8, 8, 7);

-- TEAM 2
insert into EMP_EVALUATION (EVAL_ID, EMP_ID, EVAL_DATE, SUPPORTING_APPS, TECH_RELEVANCE, ORG_CULTURE, JOB_SATISFACTION, GROWTH) VALUES (1011, 2001, '01-JUL-2019', 7, 5, 7, 7, 8);
insert into EMP_EVALUATION (EVAL_ID, EMP_ID, EVAL_DATE, SUPPORTING_APPS, TECH_RELEVANCE, ORG_CULTURE, JOB_SATISFACTION, GROWTH) VALUES (1012, 2002, '01-JUL-2019', 7, 5, 6, 7, 8);
insert into EMP_EVALUATION (EVAL_ID, EMP_ID, EVAL_DATE, SUPPORTING_APPS, TECH_RELEVANCE, ORG_CULTURE, JOB_SATISFACTION, GROWTH) VALUES (1013, 2003, '01-JUL-2019', 6, 5, 8, 6, 8);
insert into EMP_EVALUATION (EVAL_ID, EMP_ID, EVAL_DATE, SUPPORTING_APPS, TECH_RELEVANCE, ORG_CULTURE, JOB_SATISFACTION, GROWTH) VALUES (1014, 2004, '01-JUL-2019', 5, 7, 6, 7, 7);
insert into EMP_EVALUATION (EVAL_ID, EMP_ID, EVAL_DATE, SUPPORTING_APPS, TECH_RELEVANCE, ORG_CULTURE, JOB_SATISFACTION, GROWTH) VALUES (1015, 2005, '01-JUL-2019', 7, 4, 7, 6, 5);
insert into EMP_EVALUATION (EVAL_ID, EMP_ID, EVAL_DATE, SUPPORTING_APPS, TECH_RELEVANCE, ORG_CULTURE, JOB_SATISFACTION, GROWTH) VALUES (1016, 2006, '01-JUL-2019', 5, 3, 7, 6, 6);
insert into EMP_EVALUATION (EVAL_ID, EMP_ID, EVAL_DATE, SUPPORTING_APPS, TECH_RELEVANCE, ORG_CULTURE, JOB_SATISFACTION, GROWTH) VALUES (1017, 2007, '01-JUL-2019', 7, 3, 7, 7, 8);
insert into EMP_EVALUATION (EVAL_ID, EMP_ID, EVAL_DATE, SUPPORTING_APPS, TECH_RELEVANCE, ORG_CULTURE, JOB_SATISFACTION, GROWTH) VALUES (1018, 2008, '01-JUL-2019', 4, 5, 6, 7, 7);
insert into EMP_EVALUATION (EVAL_ID, EMP_ID, EVAL_DATE, SUPPORTING_APPS, TECH_RELEVANCE, ORG_CULTURE, JOB_SATISFACTION, GROWTH) VALUES (1019, 2009, '01-JUL-2019', 6, 4, 6, 7, 7);
insert into EMP_EVALUATION (EVAL_ID, EMP_ID, EVAL_DATE, SUPPORTING_APPS, TECH_RELEVANCE, ORG_CULTURE, JOB_SATISFACTION, GROWTH) VALUES (1020, 2010, '01-JUL-2019', 5, 2, 7, 8, 6);

-- TEAM 3
insert into EMP_EVALUATION (EVAL_ID, EMP_ID, EVAL_DATE, SUPPORTING_APPS, TECH_RELEVANCE, ORG_CULTURE, JOB_SATISFACTION, GROWTH) VALUES (1021, 3001, '01-JUL-2019', 8, 8, 6, 7, 7);
insert into EMP_EVALUATION (EVAL_ID, EMP_ID, EVAL_DATE, SUPPORTING_APPS, TECH_RELEVANCE, ORG_CULTURE, JOB_SATISFACTION, GROWTH) VALUES (1022, 3002, '01-JUL-2019', 7, 6, 7, 7, 6);
insert into EMP_EVALUATION (EVAL_ID, EMP_ID, EVAL_DATE, SUPPORTING_APPS, TECH_RELEVANCE, ORG_CULTURE, JOB_SATISFACTION, GROWTH) VALUES (1023, 3003, '01-JUL-2019', 5, 7, 7, 8, 7);
insert into EMP_EVALUATION (EVAL_ID, EMP_ID, EVAL_DATE, SUPPORTING_APPS, TECH_RELEVANCE, ORG_CULTURE, JOB_SATISFACTION, GROWTH) VALUES (1024, 3004, '01-JUL-2019', 3, 7, 7, 6, 7);
insert into EMP_EVALUATION (EVAL_ID, EMP_ID, EVAL_DATE, SUPPORTING_APPS, TECH_RELEVANCE, ORG_CULTURE, JOB_SATISFACTION, GROWTH) VALUES (1025, 3005, '01-JUL-2019', 7, 4, 5, 6, 7);
insert into EMP_EVALUATION (EVAL_ID, EMP_ID, EVAL_DATE, SUPPORTING_APPS, TECH_RELEVANCE, ORG_CULTURE, JOB_SATISFACTION, GROWTH) VALUES (1026, 3006, '01-JUL-2019', 5, 5, 7, 7, 6);
insert into EMP_EVALUATION (EVAL_ID, EMP_ID, EVAL_DATE, SUPPORTING_APPS, TECH_RELEVANCE, ORG_CULTURE, JOB_SATISFACTION, GROWTH) VALUES (1027, 3007, '01-JUL-2019', 6, 4, 7, 6, 7);
insert into EMP_EVALUATION (EVAL_ID, EMP_ID, EVAL_DATE, SUPPORTING_APPS, TECH_RELEVANCE, ORG_CULTURE, JOB_SATISFACTION, GROWTH) VALUES (1028, 3008, '01-JUL-2019', 5, 6, 6, 5, 6);
insert into EMP_EVALUATION (EVAL_ID, EMP_ID, EVAL_DATE, SUPPORTING_APPS, TECH_RELEVANCE, ORG_CULTURE, JOB_SATISFACTION, GROWTH) VALUES (1029, 3009, '01-JUL-2019', 5, 6, 5, 6, 7);
insert into EMP_EVALUATION (EVAL_ID, EMP_ID, EVAL_DATE, SUPPORTING_APPS, TECH_RELEVANCE, ORG_CULTURE, JOB_SATISFACTION, GROWTH) VALUES (1030, 3010, '01-JUL-2019', 7, 3, 6, 7, 7);

-- TEAM 4
insert into EMP_EVALUATION (EVAL_ID, EMP_ID, EVAL_DATE, SUPPORTING_APPS, TECH_RELEVANCE, ORG_CULTURE, JOB_SATISFACTION, GROWTH) VALUES (1031, 4001, '01-JUL-2019', 8, 5, 7, 7, 7);
insert into EMP_EVALUATION (EVAL_ID, EMP_ID, EVAL_DATE, SUPPORTING_APPS, TECH_RELEVANCE, ORG_CULTURE, JOB_SATISFACTION, GROWTH) VALUES (1032, 4002, '01-JUL-2019', 8, 8, 5, 5, 5);
insert into EMP_EVALUATION (EVAL_ID, EMP_ID, EVAL_DATE, SUPPORTING_APPS, TECH_RELEVANCE, ORG_CULTURE, JOB_SATISFACTION, GROWTH) VALUES (1033, 4003, '01-JUL-2019', 6, 5, 7, 7, 8);
insert into EMP_EVALUATION (EVAL_ID, EMP_ID, EVAL_DATE, SUPPORTING_APPS, TECH_RELEVANCE, ORG_CULTURE, JOB_SATISFACTION, GROWTH) VALUES (1034, 4004, '01-JUL-2019', 5, 5, 6, 7, 5);
insert into EMP_EVALUATION (EVAL_ID, EMP_ID, EVAL_DATE, SUPPORTING_APPS, TECH_RELEVANCE, ORG_CULTURE, JOB_SATISFACTION, GROWTH) VALUES (1035, 4005, '01-JUL-2019', 6, 4, 6, 7, 6);
insert into EMP_EVALUATION (EVAL_ID, EMP_ID, EVAL_DATE, SUPPORTING_APPS, TECH_RELEVANCE, ORG_CULTURE, JOB_SATISFACTION, GROWTH) VALUES (1036, 4006, '01-JUL-2019', 7, 4, 5, 7, 7);
insert into EMP_EVALUATION (EVAL_ID, EMP_ID, EVAL_DATE, SUPPORTING_APPS, TECH_RELEVANCE, ORG_CULTURE, JOB_SATISFACTION, GROWTH) VALUES (1037, 4007, '01-JUL-2019', 6, 5, 7, 7, 7);
insert into EMP_EVALUATION (EVAL_ID, EMP_ID, EVAL_DATE, SUPPORTING_APPS, TECH_RELEVANCE, ORG_CULTURE, JOB_SATISFACTION, GROWTH) VALUES (1038, 4008, '01-JUL-2019', 5, 5, 7, 7, 7);
insert into EMP_EVALUATION (EVAL_ID, EMP_ID, EVAL_DATE, SUPPORTING_APPS, TECH_RELEVANCE, ORG_CULTURE, JOB_SATISFACTION, GROWTH) VALUES (1039, 4009, '01-JUL-2019', 6, 6, 7, 7, 5);
insert into EMP_EVALUATION (EVAL_ID, EMP_ID, EVAL_DATE, SUPPORTING_APPS, TECH_RELEVANCE, ORG_CULTURE, JOB_SATISFACTION, GROWTH) VALUES (1040, 4010, '01-JUL-2019', 5, 2, 7, 6, 7);

CREATE TABLE isem.mgr_evaluation (
         eval_id      NUMBER(5) PRIMARY KEY,
         emp_id     NUMBER(5) NOT NULL  CONSTRAINT mgr_eval_id_fk REFERENCES isem.EMPLOYEE (emp_id),
         eval_date DATE DEFAULT (sysdate),
         business_index     NUMBER(2) NOT NULL,
         tech_skills        NUMBER(2) NOT NULL,
         dependency   NUMBER(2) NOT NULL,
         replacement_index  NUMBER(2) NOT NULL,
         quality_index   NUMBER(2) NOT NULL,
         discipline_index  NUMBER(2) NOT NULL,
         dependency_index  NUMBER(6,2) AS ((dependency + replacement_index + quality_index) / 3),
         employee_evaluation  NUMBER(6,2) AS ((business_index + tech_skills + discipline_index) / 3));
         
select * from mgr_evaluation order by eval_id ;
desc mgr_evaluation;
delete from MGR_EVALUATION where eval_id in (2001, 2002);

--Team 1
insert into MGR_EVALUATION (EVAL_ID, EMP_ID, EVAL_DATE, BUSINESS_INDEX, TECH_SKILLS, DEPENDENCY, REPLACEMENT_INDEX, QUALITY_INDEX, DISCIPLINE_INDEX) values (2001, 1001, '01-JUL-2019', 7, 9, 9, 8, 7, 5);
insert into MGR_EVALUATION (EVAL_ID, EMP_ID, EVAL_DATE, BUSINESS_INDEX, TECH_SKILLS, DEPENDENCY, REPLACEMENT_INDEX, QUALITY_INDEX, DISCIPLINE_INDEX) values (2002, 1002, '01-JUL-2019', 7, 8, 7, 7, 6, 6);
insert into MGR_EVALUATION (EVAL_ID, EMP_ID, EVAL_DATE, BUSINESS_INDEX, TECH_SKILLS, DEPENDENCY, REPLACEMENT_INDEX, QUALITY_INDEX, DISCIPLINE_INDEX) values (2003, 1003, '01-JUL-2019', 7, 7, 7, 7, 6, 7);
insert into MGR_EVALUATION (EVAL_ID, EMP_ID, EVAL_DATE, BUSINESS_INDEX, TECH_SKILLS, DEPENDENCY, REPLACEMENT_INDEX, QUALITY_INDEX, DISCIPLINE_INDEX) values (2004, 1004, '01-JUL-2019', 7, 8, 6, 7, 6, 4);
insert into MGR_EVALUATION (EVAL_ID, EMP_ID, EVAL_DATE, BUSINESS_INDEX, TECH_SKILLS, DEPENDENCY, REPLACEMENT_INDEX, QUALITY_INDEX, DISCIPLINE_INDEX) values (2005, 1005, '01-JUL-2019', 7, 3, 5, 4, 5, 9);
insert into MGR_EVALUATION (EVAL_ID, EMP_ID, EVAL_DATE, BUSINESS_INDEX, TECH_SKILLS, DEPENDENCY, REPLACEMENT_INDEX, QUALITY_INDEX, DISCIPLINE_INDEX) values (2006, 1006, '01-JUL-2019', 9, 6, 9, 9, 7, 7);
insert into MGR_EVALUATION (EVAL_ID, EMP_ID, EVAL_DATE, BUSINESS_INDEX, TECH_SKILLS, DEPENDENCY, REPLACEMENT_INDEX, QUALITY_INDEX, DISCIPLINE_INDEX) values (2007, 1007, '01-JUL-2019', 4, 5, 6, 4, 4, 8);
insert into MGR_EVALUATION (EVAL_ID, EMP_ID, EVAL_DATE, BUSINESS_INDEX, TECH_SKILLS, DEPENDENCY, REPLACEMENT_INDEX, QUALITY_INDEX, DISCIPLINE_INDEX) values (2008, 1008, '01-JUL-2019', 3, 4, 2, 2, 4, 8);
insert into MGR_EVALUATION (EVAL_ID, EMP_ID, EVAL_DATE, BUSINESS_INDEX, TECH_SKILLS, DEPENDENCY, REPLACEMENT_INDEX, QUALITY_INDEX, DISCIPLINE_INDEX) values (2009, 1009, '01-JUL-2019', 4, 4, 3, 3, 3, 7);
insert into MGR_EVALUATION (EVAL_ID, EMP_ID, EVAL_DATE, BUSINESS_INDEX, TECH_SKILLS, DEPENDENCY, REPLACEMENT_INDEX, QUALITY_INDEX, DISCIPLINE_INDEX) values (2010, 1010, '01-JUL-2019', 7, 5, 6, 7, 6, 8);

--Team 2
insert into MGR_EVALUATION (EVAL_ID, EMP_ID, EVAL_DATE, BUSINESS_INDEX, TECH_SKILLS, DEPENDENCY, REPLACEMENT_INDEX, QUALITY_INDEX, DISCIPLINE_INDEX) values (2011, 2001, '01-JUL-2019', 7, 5, 5, 5, 5, 8);
insert into MGR_EVALUATION (EVAL_ID, EMP_ID, EVAL_DATE, BUSINESS_INDEX, TECH_SKILLS, DEPENDENCY, REPLACEMENT_INDEX, QUALITY_INDEX, DISCIPLINE_INDEX) values (2012, 2002, '01-JUL-2019', 7, 5, 5, 5, 5, 8);
insert into MGR_EVALUATION (EVAL_ID, EMP_ID, EVAL_DATE, BUSINESS_INDEX, TECH_SKILLS, DEPENDENCY, REPLACEMENT_INDEX, QUALITY_INDEX, DISCIPLINE_INDEX) values (2013, 2003, '01-JUL-2019', 6, 4, 4, 4, 5, 7);
insert into MGR_EVALUATION (EVAL_ID, EMP_ID, EVAL_DATE, BUSINESS_INDEX, TECH_SKILLS, DEPENDENCY, REPLACEMENT_INDEX, QUALITY_INDEX, DISCIPLINE_INDEX) values (2014, 2004, '01-JUL-2019', 6, 7, 4, 4, 5, 8);
insert into MGR_EVALUATION (EVAL_ID, EMP_ID, EVAL_DATE, BUSINESS_INDEX, TECH_SKILLS, DEPENDENCY, REPLACEMENT_INDEX, QUALITY_INDEX, DISCIPLINE_INDEX) values (2015, 2005, '01-JUL-2019', 9, 3, 7, 7, 7, 9);
insert into MGR_EVALUATION (EVAL_ID, EMP_ID, EVAL_DATE, BUSINESS_INDEX, TECH_SKILLS, DEPENDENCY, REPLACEMENT_INDEX, QUALITY_INDEX, DISCIPLINE_INDEX) values (2016, 2006, '01-JUL-2019', 7, 3, 5, 6, 4, 7);
insert into MGR_EVALUATION (EVAL_ID, EMP_ID, EVAL_DATE, BUSINESS_INDEX, TECH_SKILLS, DEPENDENCY, REPLACEMENT_INDEX, QUALITY_INDEX, DISCIPLINE_INDEX) values (2017, 2007, '01-JUL-2019', 8, 4, 7, 7, 5, 6);
insert into MGR_EVALUATION (EVAL_ID, EMP_ID, EVAL_DATE, BUSINESS_INDEX, TECH_SKILLS, DEPENDENCY, REPLACEMENT_INDEX, QUALITY_INDEX, DISCIPLINE_INDEX) values (2018, 2008, '01-JUL-2019', 5, 5, 5, 5, 4, 8);
insert into MGR_EVALUATION (EVAL_ID, EMP_ID, EVAL_DATE, BUSINESS_INDEX, TECH_SKILLS, DEPENDENCY, REPLACEMENT_INDEX, QUALITY_INDEX, DISCIPLINE_INDEX) values (2019, 2009, '01-JUL-2019', 6, 3, 5, 5, 3, 6);
insert into MGR_EVALUATION (EVAL_ID, EMP_ID, EVAL_DATE, BUSINESS_INDEX, TECH_SKILLS, DEPENDENCY, REPLACEMENT_INDEX, QUALITY_INDEX, DISCIPLINE_INDEX) values (2020, 2010, '01-JUL-2019', 8, 2, 5, 6, 5, 7);

--Team 3
insert into MGR_EVALUATION (EVAL_ID, EMP_ID, EVAL_DATE, BUSINESS_INDEX, TECH_SKILLS, DEPENDENCY, REPLACEMENT_INDEX, QUALITY_INDEX, DISCIPLINE_INDEX) values (2021, 3001, '01-JUL-2019', 8, 8, 8, 7, 5, 7);
insert into MGR_EVALUATION (EVAL_ID, EMP_ID, EVAL_DATE, BUSINESS_INDEX, TECH_SKILLS, DEPENDENCY, REPLACEMENT_INDEX, QUALITY_INDEX, DISCIPLINE_INDEX) values (2022, 3002, '01-JUL-2019', 7, 7, 7, 5, 5, 7);
insert into MGR_EVALUATION (EVAL_ID, EMP_ID, EVAL_DATE, BUSINESS_INDEX, TECH_SKILLS, DEPENDENCY, REPLACEMENT_INDEX, QUALITY_INDEX, DISCIPLINE_INDEX) values (2023, 3003, '01-JUL-2019', 5, 7, 5, 5, 4, 7);
insert into MGR_EVALUATION (EVAL_ID, EMP_ID, EVAL_DATE, BUSINESS_INDEX, TECH_SKILLS, DEPENDENCY, REPLACEMENT_INDEX, QUALITY_INDEX, DISCIPLINE_INDEX) values (2024, 3004, '01-JUL-2019', 3, 7, 3, 3, 4, 9);
insert into MGR_EVALUATION (EVAL_ID, EMP_ID, EVAL_DATE, BUSINESS_INDEX, TECH_SKILLS, DEPENDENCY, REPLACEMENT_INDEX, QUALITY_INDEX, DISCIPLINE_INDEX) values (2025, 3005, '01-JUL-2019', 8, 5, 7, 7, 6, 7);
insert into MGR_EVALUATION (EVAL_ID, EMP_ID, EVAL_DATE, BUSINESS_INDEX, TECH_SKILLS, DEPENDENCY, REPLACEMENT_INDEX, QUALITY_INDEX, DISCIPLINE_INDEX) values (2026, 3006, '01-JUL-2019', 7, 4, 5, 5, 7, 6);
insert into MGR_EVALUATION (EVAL_ID, EMP_ID, EVAL_DATE, BUSINESS_INDEX, TECH_SKILLS, DEPENDENCY, REPLACEMENT_INDEX, QUALITY_INDEX, DISCIPLINE_INDEX) values (2027, 3007, '01-JUL-2019', 6, 5, 5, 4, 4, 8);
insert into MGR_EVALUATION (EVAL_ID, EMP_ID, EVAL_DATE, BUSINESS_INDEX, TECH_SKILLS, DEPENDENCY, REPLACEMENT_INDEX, QUALITY_INDEX, DISCIPLINE_INDEX) values (2028, 3008, '01-JUL-2019', 5, 5, 4, 4, 4, 6);
insert into MGR_EVALUATION (EVAL_ID, EMP_ID, EVAL_DATE, BUSINESS_INDEX, TECH_SKILLS, DEPENDENCY, REPLACEMENT_INDEX, QUALITY_INDEX, DISCIPLINE_INDEX) values (2029, 3009, '01-JUL-2019', 7, 5, 6, 7, 6, 7);
insert into MGR_EVALUATION (EVAL_ID, EMP_ID, EVAL_DATE, BUSINESS_INDEX, TECH_SKILLS, DEPENDENCY, REPLACEMENT_INDEX, QUALITY_INDEX, DISCIPLINE_INDEX) values (2030, 3010, '01-JUL-2019', 9, 2, 7, 7, 6, 6);

--Team 4
insert into MGR_EVALUATION (EVAL_ID, EMP_ID, EVAL_DATE, BUSINESS_INDEX, TECH_SKILLS, DEPENDENCY, REPLACEMENT_INDEX, QUALITY_INDEX, DISCIPLINE_INDEX) values (2031, 4001, '01-JUL-2019', 8, 5, 6, 6, 6, 7);
insert into MGR_EVALUATION (EVAL_ID, EMP_ID, EVAL_DATE, BUSINESS_INDEX, TECH_SKILLS, DEPENDENCY, REPLACEMENT_INDEX, QUALITY_INDEX, DISCIPLINE_INDEX) values (2032, 4002, '01-JUL-2019', 8, 8, 8, 8, 6, 7);
insert into MGR_EVALUATION (EVAL_ID, EMP_ID, EVAL_DATE, BUSINESS_INDEX, TECH_SKILLS, DEPENDENCY, REPLACEMENT_INDEX, QUALITY_INDEX, DISCIPLINE_INDEX) values (2033, 4003, '01-JUL-2019', 7, 5, 6, 5, 6, 5);
insert into MGR_EVALUATION (EVAL_ID, EMP_ID, EVAL_DATE, BUSINESS_INDEX, TECH_SKILLS, DEPENDENCY, REPLACEMENT_INDEX, QUALITY_INDEX, DISCIPLINE_INDEX) values (2034, 4004, '01-JUL-2019', 5, 5, 4, 4, 6, 5);
insert into MGR_EVALUATION (EVAL_ID, EMP_ID, EVAL_DATE, BUSINESS_INDEX, TECH_SKILLS, DEPENDENCY, REPLACEMENT_INDEX, QUALITY_INDEX, DISCIPLINE_INDEX) values (2035, 4005, '01-JUL-2019', 7, 4, 6, 5, 5, 7);
insert into MGR_EVALUATION (EVAL_ID, EMP_ID, EVAL_DATE, BUSINESS_INDEX, TECH_SKILLS, DEPENDENCY, REPLACEMENT_INDEX, QUALITY_INDEX, DISCIPLINE_INDEX) values (2036, 4006, '01-JUL-2019', 7, 4, 6, 6, 5, 7);
insert into MGR_EVALUATION (EVAL_ID, EMP_ID, EVAL_DATE, BUSINESS_INDEX, TECH_SKILLS, DEPENDENCY, REPLACEMENT_INDEX, QUALITY_INDEX, DISCIPLINE_INDEX) values (2037, 4007, '01-JUL-2019', 7, 5, 6, 6, 4, 7);
insert into MGR_EVALUATION (EVAL_ID, EMP_ID, EVAL_DATE, BUSINESS_INDEX, TECH_SKILLS, DEPENDENCY, REPLACEMENT_INDEX, QUALITY_INDEX, DISCIPLINE_INDEX) values (2038, 4008, '01-JUL-2019', 5, 4, 5, 4, 4, 8);
insert into MGR_EVALUATION (EVAL_ID, EMP_ID, EVAL_DATE, BUSINESS_INDEX, TECH_SKILLS, DEPENDENCY, REPLACEMENT_INDEX, QUALITY_INDEX, DISCIPLINE_INDEX) values (2039, 4009, '01-JUL-2019', 7, 6, 6, 6, 7, 5);
insert into MGR_EVALUATION (EVAL_ID, EMP_ID, EVAL_DATE, BUSINESS_INDEX, TECH_SKILLS, DEPENDENCY, REPLACEMENT_INDEX, QUALITY_INDEX, DISCIPLINE_INDEX) values (2040, 4010, '01-JUL-2019', 6, 2, 5, 4, 6, 7);
